GAAA,fiber
GAAG,droplet
GAAL,fiber
GAAS,fiber
GAGA,droplet
GAGG,droplet
GAGL,droplet
GAGS,droplet
GALA,droplet
GALG,droplet
GALL,droplet
GALS,MS
GASA,fiber
GASG,fiber
GASL,fiber
GASS,fiber
GGAA,fiber
GGAG,MS
GGAL,droplet
GGAS,fiber
GGGA,fiber
GGGG,MS
GGGL,droplet
GGGS,fiber
GGLA,droplet
GGLG,droplet
GGLL,droplet
GGLS,droplet
GGSA,fiber
GGSG,droplet
GGSL,droplet
GGSS,fiber
GLAA,MS
GLAG,droplet
GLAL,fiber
GLAS,fiber
GLGA,droplet
GLGG,droplet
GLGL,fiber
GLGS,droplet
GLLA,droplet
GLLG,droplet
GLLL,droplet
GLLS,fiber
GLSA,fiber
GLSG,droplet
GLSL,MS
GLSS,fiber
GSAA,fiber
GSAG,droplet
GSAL,droplet
GSAS,fiber
GSGA,droplet
GSGG,droplet
GSGL,droplet
GSGS,droplet
GSLA,droplet
GSLG,droplet
GSLL,droplet
GSLS,MS
GSSA,fiber
GSSG,droplet
GSSL,fiber
GSSS,fiber