,nonsec_PC1,nonsec_PC2,nonsec_PC3,nonsec_PC4,nonsec_PC5,nonsec_PC6,nonsec_PC7,nonsec_PC8,nonsec_PC9,nonsec_PC10,nonsec_PC11,nonsec_PC12,nonsec_PC13,nonsec_PC14,nonsec_PC15,helix_PC1,helix_PC2,helix_PC3,helix_PC4,helix_PC5,helix_PC6,helix_PC7,helix_PC8,helix_PC9,helix_PC10,helix_PC11,helix_PC12,helix_PC13,helix_PC14,helix_PC15,beta_PC1,beta_PC2,beta_PC3,beta_PC4,beta_PC5,beta_PC6,beta_PC7,beta_PC8,beta_PC9,beta_PC10,beta_PC11,beta_PC12,beta_PC13,beta_PC14,beta_PC15,othersec_PC1,othersec_PC2,othersec_PC3,othersec_PC4,othersec_PC5,othersec_PC6,othersec_PC7,othersec_PC8,othersec_PC9,othersec_PC10,othersec_PC11,othersec_PC12,othersec_PC13,othersec_PC14,othersec_PC15
A,0.37266107217264344,0.11839868031987782,0.31568272453331275,0.7104947080561558,0.5038140865698566,0.34737613493860353,0.45447205878980107,0.6470854459543315,0.23918712346235574,0.8303916765379884,0.0,0.2976618555964812,0.7407017093301818,1.0,0.37037983075444125,0.9395533052814351,0.4842392675267987,0.4441308054529058,0.6053485017086602,0.4130374130536742,0.2812341009259388,0.4149576922926806,0.427294783972452,0.7091133118125532,0.9536889830002475,0.4824862546729516,0.4309074530312995,0.3821810826146349,0.4937608195236187,0.45829358431332684,0.2939621632554611,0.21299259201486576,0.18714177560059408,0.5812637742436763,0.6803757186792242,0.4221557862190902,0.3377208454424049,0.7137783386247425,0.5754082847283749,0.370742688659908,0.33584851917284464,0.23059156407588632,0.6645661467603179,0.5713420549241319,0.0,0.1823587483517636,0.3833596302005827,0.7318233482141607,0.18041652650725581,0.47068812050254866,0.2547652005981532,0.28339940635629823,0.7382658336889257,0.4480866304734437,0.33063782251904705,0.14840400103343007,0.2809584723684546,0.32613035730177825,0.6547891432068975,0.5266728287823353
C,0.7258017368117726,0.4806300965900958,1.0,1.0,0.4462394848449785,0.6843080768635563,0.0,0.19742670804813478,0.6461115247762811,0.764971457176363,0.6398218640066217,0.2926417289693498,0.5796233610678931,0.35750405283333686,0.33922027955413336,0.5156218169117536,0.0,0.0,1.0,0.7306989505589616,0.5213013087899496,0.00028343828311666597,0.3314996368886323,0.6130760408900012,0.5300806652533829,0.8545917798472973,0.37135589409552944,0.6562768413450032,0.9616738635857511,0.2616764480682988,0.5833341831733354,0.39286091635694204,0.4522357764166256,0.0,0.9132524419121617,0.2713791490564647,0.7602183635409703,0.535246349279539,0.7253502693871539,0.7119361219636096,0.4042812254679985,0.9069341335744345,0.43844729676666516,0.4960627715019758,0.029668458430452238,0.3873837238297198,0.14088969557358105,0.06698836269603992,0.6940504488975068,1.0,0.08740615730992213,1.0,0.2907477049279059,0.6329376043737911,0.556917813480776,0.3442761196066398,0.34685514091713704,0.3447546671574877,0.5269955572568387,0.22070967086062615
D,0.0,0.6200520654433088,0.4930860122094582,0.7449863711304274,0.0,0.21937801088874498,0.17981196435708907,0.04544570737502296,0.15395105086370456,0.7174405584580253,0.5393868335867098,0.5592759665864449,0.6383138992925635,0.5539642931714047,0.30319163879035266,0.520303726530589,0.8281001645141571,0.5725681421177552,0.8331277314822042,0.020774035696543902,0.39783289880389827,0.9273498254667187,0.2704296369582061,0.7457610804446199,0.6306304078721412,0.848683292261841,0.2205553110701028,1.0,0.8364406092806216,0.12024817239447455,0.061281533238294106,0.4157459433955006,0.02790669866392209,0.5497924336866484,0.8389128768321433,0.6456022772958667,0.41794028238906045,0.8554018394880765,0.6172938847681786,0.763062712048368,0.3266894009752769,0.30940651488047227,0.0,0.1433502200352203,0.1293078421915818,0.7826260406350931,0.23010980434156275,0.6472267461379466,0.11305613851168389,0.585697492862004,1.0,0.6800655402531236,0.999012927643032,0.6059001992382426,0.7070292067706567,0.33099890584223635,0.8668041962231559,0.5838408226988816,0.32395893850511887,0.31974696157424365
E,0.023019081534063734,0.6558636568897099,0.28098963716785563,0.802930247488297,0.04942048320757325,0.23198730902657225,0.060394197556461415,0.322995072782528,0.1371965595397317,0.48279869007105525,0.6113500813383625,0.5272275974517017,0.3942609664414553,0.21017369021473542,0.5150465690893568,0.9484582965914103,1.0,0.5114135869563456,0.8267862263242212,0.3153415225744104,0.35048222438884774,0.09391501508883432,0.13727930761529586,0.6902291804164696,0.6662548385712684,0.6651670982387112,0.9959230110839487,0.25324810100647505,0.8488042610323764,0.5271914710386767,0.018645919237935182,0.27758243301436314,0.1081711700281401,0.34886269786929336,0.6965227896698445,0.2549372345443839,0.20633385767567175,1.0,0.5183327788812353,0.061454649301463715,0.5537741840934598,0.6231342063213734,0.6480239813844367,0.8457307752198369,0.6945089899081177,0.31365959637337604,0.4866805411079982,0.9757430931444969,0.0006517464515984339,0.6446506787026909,0.752777477951406,0.4193475025280518,0.09720984110033265,0.20516769551755942,0.4257356124913687,0.34639187953575035,0.02974578910676512,0.365468862949345,0.5342129605752477,0.08736430724431105
F,1.0,0.657835112892988,0.3467129936422674,0.5862112822357499,0.4455687708804136,0.271925733988159,0.6665716911949432,0.13827355844392372,0.3165658708867827,0.8414692215208148,0.8133877382822883,0.34794661553103245,0.708627827110301,0.4621530947615409,1.0,0.7090188377849955,0.23184114474957998,0.5415531161579306,0.32942243453282216,0.16475077619506712,0.4451728506204734,0.47147681721258017,0.5930076552747021,0.848122968619828,0.4688475002830499,0.47340693400727946,0.6285244690890439,0.9630658140351895,0.5375845936104019,0.4080040145173463,0.71095178406945,0.3504307650313513,0.13670228920374639,0.6476123040365117,0.610223572717892,0.38546242822519,0.12502902734647353,0.5133249499217646,0.5718199802333429,0.7905978119463781,0.39846401275239884,0.46863064922059927,0.45022791880130286,0.8517511624687708,0.9163041293416023,0.11748612918916645,0.3659369705364772,0.2656330046453286,0.4699082726356376,0.11064411892335768,0.5609166389728466,0.6193698192887103,0.5659660164165479,0.34527150214309554,0.9513198697077542,1.0,0.6070117079598032,0.0,0.5083502840792276,0.065403972535366
G,0.15675588049387784,0.0,0.5304446969994909,0.4279013220425499,0.8520047411189169,0.0,0.17362277245621366,0.34711658341450286,0.46218442622189826,0.36227388175597475,0.7549182727023047,0.6304794996118296,0.39528248250385534,0.1855123369164684,0.3901034585365564,0.19081769501866697,0.062044636284705135,1.0,0.7837793721575853,0.0,0.44244840989717066,0.0,0.367730662882978,0.4603387605264106,0.8429550257155313,0.5049169575382597,0.4354116286337149,0.34351945338041123,0.5504026131025754,0.24330325192499244,0.189616701152561,0.8543091013593769,0.1409183354983431,1.0,0.9999999999999999,0.2800932759125632,0.8344147648194163,0.48386420924382023,0.8422689462552004,0.5212123352792204,0.4870577897364463,0.5574930924838224,0.6257274231987747,0.5629354536970612,0.2775247897874349,0.9177787802781738,0.0,0.2005946348452462,0.0,0.23215919805744206,0.0,0.15421482185379054,0.46028420075878734,0.554565512057529,0.877886428687537,0.457347749451936,0.1336688415804534,0.68649448734526,0.32100199915020733,0.17325367495577904
H,0.44167437809432036,0.8260363610141936,0.6005327544628252,0.7131842637593663,0.5398265558775401,0.4425657268437754,0.7752981946058496,0.4433216032349039,0.0,0.0,0.16622186778256964,0.0,0.6232033687697609,0.1625143407026032,0.3175862785767939,0.6978114124089797,0.3312817037815921,0.7957331151795185,0.46344004656953697,0.5982284609447892,1.0,0.5505299630483579,0.25894082443167454,0.7858829494455539,0.3743631859390683,0.6122903311130725,0.6936604887299203,0.5406629122033129,0.6931153712822706,0.5572800149714525,0.3306446634530167,0.5785691540567967,0.0,0.4778427856543203,0.387246429448623,0.5054376864344114,0.0,0.3188404848606134,0.6369332861946632,0.8351515685743282,1.0,0.6818392254404564,0.5590927171779272,0.14178055273489498,0.11163293139803787,0.3758720070051686,0.29864306289857484,0.9527112791767036,0.898269957592637,0.11463200584598826,0.36919075441162313,0.9000617349970064,0.7179885442980997,0.29801576355269954,0.7100966254978284,0.052003426833893474,0.0,0.5525654029672762,0.0,0.14590937841629495
I,0.9499192500010106,0.3990150152223313,0.22246348429690546,0.7730239054928145,0.3364869924463874,0.5337536942911947,0.46571657666679184,0.14879085228451314,0.4976029104263077,0.182626123620879,0.45367000152876924,1.0,0.7218837940453275,0.39569343129829365,0.3635799719058441,0.6828058857801065,0.1823978906097409,0.4171350000106148,0.15905102893602036,0.10555856783771433,0.4613994647829188,0.4514377740243097,0.24487642444585248,0.575237001454538,0.49383604510291623,0.8376676140475836,0.6184931640695971,0.590387655245391,0.9524255095762504,0.4047867470248971,0.9532841594409307,0.372517792587468,0.2899892314287425,0.6619240602164217,0.6706382338745918,0.7865804869807596,0.6330386668103749,0.8222601691182603,0.30004051422044525,0.0,0.5752732772060897,0.590264690363838,0.4994232361357737,0.0,0.3234075117217766,0.017516449979147697,0.36423761293732054,0.0746320119748638,0.23630657254563464,0.2998460007646021,0.3611734096416611,0.7286870279265891,0.6479375637837607,0.01174481151435991,0.6087513026596764,0.26239723860344444,0.539142168900546,1.0,0.7946522075535114,0.10172298234257679
K,0.0033818626678051578,0.7946735569951101,0.12550897247785558,0.7040060833372807,0.4405205513807195,0.5965146324262655,0.18765088964791066,0.6476145724194737,1.0,0.5057459973872908,0.32716189614738905,0.319438413340129,0.6465118058453829,0.2488101433216322,0.5985586409626169,0.8007738406341132,0.28850724564269237,0.8400756749687576,0.4184016963139553,0.9999999999999999,0.49817469124026237,0.4531857483522211,0.27679489975982474,0.5404847617263792,0.8082587840058459,0.6759675351387787,0.6364153135749219,0.6622311414673103,0.6396754238252971,0.0,0.2307474881442664,0.14663852075476852,0.08375077669815925,0.6536524992688475,0.4101416981096374,0.6462551834368018,0.796147604396646,0.8025948441737889,0.4311894354833339,1.0,0.292001949478765,0.9753233684194254,1.0,0.5103457673076662,0.18886384126108258,0.42061181835368716,0.2713321100364223,1.0,0.7526837988321118,0.33547545488188024,0.06271377771696934,0.2987759091127836,0.30404611406541154,0.04832342925373745,0.7640289298333484,0.1918157836889858,1.0000000000000002,0.527290218700131,0.7094799009792769,0.10575097477239045
L,0.8781027152243378,0.2927225667201202,0.0,0.7566222444678454,0.31586100988063637,0.4678550104799881,0.4767974132454143,0.3537826999858959,0.35358446010711064,0.7748153356950557,1.0,0.02079059318698795,0.4789802067176292,0.0929413375615123,0.0,0.9233171795630358,0.2785636750775077,0.4336132806436497,0.4179760209536329,0.43276999696914303,0.47606983154252186,0.6601670270319621,0.8264153721972987,0.5718209343158307,0.6918550124549776,0.6544755875709123,0.0,0.06682801592384979,0.6647074646202646,0.5691692802856684,0.6264544286554427,0.07431774057570778,0.13510631128176348,0.41186480739300857,0.7268717035816445,0.5402996529125917,0.8636086986253361,0.2680378327548815,0.6355180894497421,0.737171988648904,0.5472671684297116,0.0,0.6934162673344778,0.28842918552745656,0.9815858121988532,0.016833265989793955,0.3857779599957599,0.49130399398231234,0.49630627521534354,0.268552228719695,0.32448651268950257,0.3935072412655105,0.4238517674259267,0.6205443078972698,0.5962893329321238,0.6630056566868179,0.048833947177706116,0.5349799545990327,0.40806393716381706,0.6933259687536624
M,0.8125000782506185,0.6358102906617717,0.5665009627719797,0.736118363116974,0.3149834131232848,0.5099824602395491,0.6100377592174308,1.0,0.22730590609280027,0.5092738766419782,0.9636541642139811,0.8503323090814575,0.31653062065366877,0.5177273342944646,0.42982025677761054,1.0000000000000002,0.27928546942235816,0.5248795590262039,0.5190486016980732,0.14200473506125988,0.42740279696298555,0.30762378876452856,1.0,0.18694574430904592,0.5346533033444361,0.6595321511928133,0.9475899126504348,0.7412381830285093,0.9126444255508359,0.0881956866914052,0.5856638148129301,0.0,0.24102458316587289,0.770089540365405,0.7863496630096727,0.0,0.3963623977466393,0.7391585643596378,0.4077839311140866,0.8994505640339533,0.39465173374498597,0.8912387360211339,0.1984303889096598,0.2654135074843156,0.6959893334724343,0.0,0.3608268447189057,0.4942007748765101,0.39877499894878354,0.28765464278895436,0.27399970477847246,0.5181702742899682,1.0,1.0000000000000002,0.8100767610294272,0.0,0.38273104991373647,0.41109194638634194,0.7995305355122702,0.4112470424065045
N,0.11606994413087729,0.6234216789957775,0.509234445680781,0.6640734428601495,0.32964033663852266,0.27532908606486994,1.0,0.1716195394626791,0.6823330250923135,0.3561577143440373,0.9560463567004498,0.5742856645648675,1.0,0.5375660571030356,0.16254365753704245,0.42814024058194544,0.2473868398512118,0.6464328013217873,0.9152309171140858,0.4643523451891216,0.3877701429495086,0.5446124174469803,0.6935495966400793,0.4431079376990157,0.6991675574668441,0.8711832497752088,0.7902641434302023,0.9101252220247056,0.5683998097051322,1.0,0.09948731315641335,0.5993389294684313,0.0025282948837780372,0.4196140383083804,0.5909927783596537,1.0,0.6110736323162076,0.6730380372757838,0.5074108447624055,0.7051976256615876,0.17370951164330362,0.7571322112710014,0.28485185743288327,0.5206090177717663,0.8753705668450932,0.8059810846087168,0.12306627181392776,0.6971869227091788,0.5358145647584704,0.27633057750030837,0.4866155104986045,0.8675566430648727,0.7316481571523854,0.0,0.5592219471999408,0.6650886183093535,0.0328687422774126,0.5665552632720754,1.0,0.7384972346502607
P,0.26760517504678333,0.4748103462812541,0.4543977628332839,0.0,0.29565753315055754,1.0,0.24926622208469,0.24834646900885046,0.22746270042736033,0.5271090647361639,0.7065391892238118,0.464485490746979,0.6141572292505988,0.4791990261099261,0.36007115330202166,0.0,0.9615071606301069,0.3065742817956698,0.0,0.5931292119790974,0.47102394266723596,0.2167495796133827,0.6656809040947359,0.4707917472795711,0.647502170581547,0.6287667170257957,0.595446224959653,0.5323530915254185,0.6436480108697559,0.37738929530155474,0.0,0.5184653280597318,0.9999999999999998,0.6540622021671944,0.5262245136286685,0.635057049652259,0.3310019341614362,0.4116426730264217,0.4850680688023201,0.6270650860616981,0.41809592417068886,0.5653691581168702,0.4889761245742862,0.4198008738744991,0.6140104186770543,1.0,1.0,0.035481121100218116,0.5932313739790143,0.34669001544475025,0.345411414715756,0.5213651609873217,0.5611074905353892,0.3517244273527358,0.7071803583755231,0.21453686553538495,0.29336013589808463,0.4763946611894877,0.5598401251484046,0.34448901190677217
Q,0.140861292094565,0.7460536884689593,0.4305922593840639,0.686940507309253,0.31583970740475137,0.4609054581696802,0.6757490476443698,0.5878390906460771,0.5109557805911124,0.6967823343051625,0.49080873196450137,0.718205889205395,0.34105152053679355,0.43996560461997836,0.24217358358883595,0.7386082305887934,0.46717977177295145,0.5768814813453699,0.5986993373555654,0.4217215962037478,0.24182193389342158,0.3128804365775307,0.2315694395700117,0.2762709017958375,0.0,0.7813519378388986,0.41820501957973394,0.470857329637912,0.0,0.34251362146959147,0.3586197923457452,0.2858527373074272,0.2714727372953829,0.5974340245197434,0.0,0.2547404018571302,1.0,0.8032226165178061,0.7204908296799453,0.5247345967730207,0.623281586668111,0.3707213190553952,0.12940490017690354,0.6844522906477295,0.30024022222101443,0.38569556073907757,0.4323116415337652,0.7383713647908939,0.5026398459555895,0.5294332629141262,0.2905932783987938,0.5491789626256559,0.24534886710271925,0.44653729501956974,0.9999999999999999,0.4703822323593245,0.7703754875415516,0.6755006325436987,0.3309546398631126,1.0
R,0.09977262313586244,0.9884436634523823,0.20779566526615498,0.8969608526261323,1.0,0.6447177411090583,0.3136489391978288,0.12574406123036458,0.08406592503991561,0.7681319474590084,0.8055709275813565,0.7141864312652733,0.5753848250561273,0.5346160850791146,0.2760582906498603,0.694433214602493,0.21270913394253943,0.7027772151447164,0.2369096206303427,0.7472702621801304,0.0,0.46422592637807525,0.12920978058450028,0.4143790822708913,0.6697564069587043,0.5814351167659051,0.47953751918268583,0.9189194821791743,0.9676427690874789,0.5699208162560494,0.4153713799578178,0.5107433930270697,0.2210163729096388,0.6026256871554913,0.5180592189324584,0.24125290511803635,0.5565298871574321,0.8571531084793933,0.6252227854393879,0.5576140466328905,0.44553499360181925,1.0,0.5477085167593952,0.03033379525353075,0.7354748709278067,0.40780207006295277,0.4536782911608124,0.8577814358148679,0.8814519690095586,0.6053033910868213,0.430825363222852,0.33206397568375384,0.714939553128662,0.8337214680394692,0.6100309089776575,0.847510179799724,0.20945125489724858,0.9792734022076913,0.6842222008680837,0.0
S,0.13879153339252404,0.32566767501789995,0.47545390176203545,0.6849997915867805,0.3948414551046165,0.5180294883217087,0.8937567046805523,0.3085390471973978,0.4357968544609527,0.9999999999999999,0.5121777041380653,0.5191793595143731,0.47339033175188294,0.35302059911711087,0.20759615998950964,0.41825105550555275,0.23955179899733758,0.40813935172502297,0.7675792340681843,0.6755327838634333,0.2882682720644293,0.9999999999999999,0.5834617856050445,0.7044764327891977,0.6897718071670376,0.735522166609178,1.0,0.3234777895690327,0.3285632932943952,0.14395439458630566,0.2971307575607669,0.9999999999999999,0.12016823599752982,0.40716856460738887,0.5662857284405671,0.28238249458683795,0.7406762557589764,0.6859800451197278,0.5631246753178555,0.48291631294467874,0.6174006561490442,0.7129264705664072,0.5086059304515002,0.275703477069368,1.0000000000000002,0.685691722796089,0.2263013336838564,0.5255343142042832,0.5918370793085855,0.27106523137379196,0.21022730684149357,0.46787397771879086,0.6287419177373518,0.42877247269843827,0.13336955372321113,0.26372773913130976,0.498060903203982,0.22731389471372504,0.5814958178308006,0.33607895717005387
T,0.28836348865199923,0.41372365661639254,0.4474238047967799,0.6803826575965315,0.4083391711833268,0.582709084145892,0.9671925804926708,0.04021944266533373,0.39087636547458166,0.8222306333639922,0.08086868198383113,0.6930215235183026,0.2820158120408025,0.0,0.5401132375212463,0.45613269949980306,0.25587647981047273,0.2908955381302154,0.7409802904390811,0.3486791760438352,0.41922834373999474,0.8123088637015419,0.19796434934787402,0.3226194074057781,0.41664760586114835,0.0,0.6788359240431666,0.44953214118031243,0.9122465058474091,0.42298814223885084,0.5736499419784287,0.9779100100948441,0.14646207657674407,0.4713159649970503,0.5029828490244249,0.1360375653019753,0.5403226646815488,0.528040934004418,0.0,0.7459073415767876,0.19071465752217143,0.29366754185594207,0.5007383095667189,0.5438947864495649,0.19129369036858596,0.46919751391894465,0.3888732267847555,0.45992628605079616,0.6413823334842815,0.48592911663509714,0.17609803088542889,0.3309043982334978,0.9592525252689965,0.286048545453121,0.0,0.7377536460466778,0.6619110619441515,0.4919785150738913,0.28583933549679263,0.38796322574236414
V,0.7691523826605289,0.28078961030239086,0.26849494052474754,0.8433422775483961,0.3834820674363765,0.6203475564507224,0.2778741316113035,0.14597404760792565,0.34674574158928406,0.3183011293464622,0.16351904415495594,0.7330616570717219,0.5263359841349403,0.4783930905456223,0.26906110963419716,0.6614802145296028,0.024598579650220498,0.22530066534496734,0.28996227410120556,0.15982717684887582,0.3328632522216746,0.2502459496154423,0.25252995694618413,1.0,0.7246673441996017,0.5818357442071753,0.7780406390379252,0.7405272174963344,0.2506941899958994,0.38414679055548523,1.0,0.7082023309464097,0.2978192626079896,0.6183638550342911,0.7148338722469367,0.790715610581845,0.4898929115889755,0.9175293602664545,0.6327015334782199,0.8028323892665554,0.701492777413696,0.7599309175417805,0.38421446451204716,1.0,0.3952783458786955,0.029170847558573465,0.39976031250634747,0.2698784273907107,0.21984998506250308,0.37411066292526723,0.2915142614125703,0.6556267722356001,0.6118685687166426,0.12904327297271245,0.28758563938781373,0.4602239878900783,0.45678551586080574,0.7731759698520122,0.18297237267980304,0.42464975258044
W,0.9763389704454484,1.0000000000000002,0.4615748060844075,0.36015784050248395,0.45531342784519424,0.14831669416040383,0.21358851112199775,0.4370398055313326,0.40410598555413874,0.9551097240403976,0.11148145241622004,0.7360074485997794,0.7687044849445533,0.12240063975071774,0.07430139603933356,0.7324721048042275,0.30669121295546364,0.25591345175208713,0.3902374307541008,0.19253386490845914,0.6847094068258932,0.6498938272282506,0.0,0.0,1.0,0.8099965034680583,0.6543538171879166,0.6464029612066646,0.35701404608800613,0.42990859539689436,0.6070593664972718,0.3847761987080056,0.04125395019011863,0.6038380942524226,0.425438668453923,0.4836004158732301,0.4360807195101914,0.0,0.700756870510671,0.1349900374040815,0.0813909190629919,0.999244159235062,0.32702757699302454,0.5613440656662667,0.3493983549776255,0.24774630112229049,0.13188777082994996,0.0,1.0,0.575811401792933,0.8950811939521794,0.0,0.6470626204437034,0.05263895793011131,0.742896909057653,0.1525951619175448,0.22385678886242213,0.49421389985255015,0.46538450771793527,0.46588376317115104
Y,0.7179286200734711,0.8816456419356331,0.3772452895138065,0.5060993643210775,0.42566761977332196,0.2720164287010453,0.501629025378644,0.0,0.6667638091314703,0.4160703875898645,0.46325649230840416,0.2863680207806356,0.0,0.8935908609146406,0.23967445545531957,0.44972009338615837,0.06587887767147799,0.6057921089117637,0.304242442641132,0.1947137315094214,0.2661305480660489,0.673841751561812,0.24225838329741023,0.6248609416058379,0.5134278469500165,1.0,0.7811503406278941,0.0,1.0,0.40369235152506544,0.7733040169444105,0.7017423470908247,0.29563207179062306,0.5029231468736891,0.39635603086232096,0.3927822266890748,0.2161024278722828,0.9893634949404009,0.9999999999999998,0.6921872625103984,0.0,0.3560442143820547,0.6786490987712017,0.16220039777652767,0.4980516863681135,0.4771517888865441,0.2416963768408784,0.288054417052043,0.6606217696748359,0.0,0.7954038388763414,0.5889963335289327,0.0,0.8982200512750614,0.12102545742055737,0.28791897197591704,0.6188506164784942,0.6905571332616341,0.5876714294538756,0.3781448808415411
