model,block,n_features_dropped,macro_f1_mean,macro_f1_std,delta_vs_baseline
SVM_RBF,(none -- baseline),0,0.5358726549246808,0.0545885017069509,0.0
SVM_RBF,position:A2,60,0.538160404369938,0.0553959061689651,0.0022877494452571
SVM_RBF,position:A3,60,0.3953985320319366,0.0735718073045861,-0.1404741228927442
SVM_RBF,position:A4,60,0.4787489252669626,0.0624244063886485,-0.0571237296577181
SVM_RBF,category:beta,45,0.5378631808149997,0.0517717995808174,0.0019905258903188
SVM_RBF,category:helix,45,0.5377712303892646,0.0533686724808941,0.0018985754645837
SVM_RBF,category:nonsec,45,0.5313996375811139,0.0556670671271331,-0.0044730173435669
SVM_RBF,category:othersec,45,0.5260387862051948,0.0562411281737564,-0.0098338687194859
SVM_RBF,A2 x beta,15,0.5376159365828231,0.0553904292908204,0.0017432816581423
SVM_RBF,A2 x helix,15,0.5370492782955766,0.0556248394246446,0.0011766233708957
SVM_RBF,A2 x nonsec,15,0.5370492782955766,0.0556248394246446,0.0011766233708957
SVM_RBF,A2 x othersec,15,0.5364851007577148,0.0547065757772666,0.0006124458330339
SVM_RBF,A3 x beta,15,0.5316745111280462,0.0536721116906904,-0.0041981437966346
SVM_RBF,A3 x helix,15,0.5288774756471872,0.0540684383504031,-0.0069951792774936
SVM_RBF,A3 x nonsec,15,0.5319012431378665,0.0537385253821661,-0.0039714117868143
SVM_RBF,A3 x othersec,15,0.5219089123763794,0.0566520220733378,-0.0139637425483014
SVM_RBF,A4 x beta,15,0.5389940166401079,0.0524642039011992,0.003121361715427
SVM_RBF,A4 x helix,15,0.5362030728845744,0.0521455687600419,0.0003304179598935
SVM_RBF,A4 x nonsec,15,0.5304152215986329,0.056868921524819,-0.0054574333260479
SVM_RBF,A4 x othersec,15,0.5290377931322204,0.0585606380185456,-0.0068348617924604
ElasticNetLogistic,(none -- baseline),0,0.5064606750773295,0.0593209417143863,0.0
ElasticNetLogistic,position:A2,60,0.5100608831338068,0.0588421711834199,0.0036002080564773
ElasticNetLogistic,position:A3,60,0.3807581918683934,0.0739585312278385,-0.125702483208936
ElasticNetLogistic,position:A4,60,0.4690704028233473,0.0652071797821013,-0.0373902722539822
ElasticNetLogistic,category:beta,45,0.5045045287984278,0.0606169990298982,-0.0019561462789017
ElasticNetLogistic,category:helix,45,0.5051359961800885,0.0586973373960352,-0.0013246788972409
ElasticNetLogistic,category:nonsec,45,0.5058173065063293,0.059409427653565,-0.0006433685710002
ElasticNetLogistic,category:othersec,45,0.5030707718876971,0.0613927518480236,-0.0033899031896323
ElasticNetLogistic,A2 x beta,15,0.5064606750773295,0.0593209417143863,0.0
ElasticNetLogistic,A2 x helix,15,0.5070011476766256,0.058551490314649,0.0005404725992961
ElasticNetLogistic,A2 x nonsec,15,0.5064606750773295,0.0593209417143863,0.0
ElasticNetLogistic,A2 x othersec,15,0.5064606750773295,0.0593209417143863,0.0
ElasticNetLogistic,A3 x beta,15,0.5053849595347021,0.0603289867980233,-0.0010757155426274
ElasticNetLogistic,A3 x helix,15,0.5024196269012193,0.059716834190899,-0.0040410481761101
ElasticNetLogistic,A3 x nonsec,15,0.505375128679283,0.0597341513377706,-0.0010855463980464
ElasticNetLogistic,A3 x othersec,15,0.4968336919383493,0.0581046752966483,-0.0096269831389801
ElasticNetLogistic,A4 x beta,15,0.5042342611761864,0.0591435564228159,-0.002226413901143
ElasticNetLogistic,A4 x helix,15,0.5086101584342432,0.0586314981663115,0.0021494833569136
ElasticNetLogistic,A4 x nonsec,15,0.504528513707281,0.0579251002498332,-0.0019321613700484
ElasticNetLogistic,A4 x othersec,15,0.5089680541433385,0.0581456127719266,0.0025073790660089
RandomForest,(none -- baseline),0,0.5056318822001872,0.0574680347887107,0.0
RandomForest,position:A2,60,0.5082857134290706,0.0714026179405179,0.0026538312288834
RandomForest,position:A3,60,0.3616741319682496,0.0751097163047292,-0.1439577502319375
RandomForest,position:A4,60,0.430211427024701,0.0602310049343687,-0.0754204551754861
RandomForest,category:beta,45,0.5042421370410922,0.0584101032598244,-0.0013897451590949
RandomForest,category:helix,45,0.5015059730288058,0.0611821177771099,-0.0041259091713813
RandomForest,category:nonsec,45,0.5043079598778129,0.058080826773218,-0.0013239223223743
RandomForest,category:othersec,45,0.5023157706729687,0.0623816545016798,-0.0033161115272184
RandomForest,A2 x beta,15,0.5058669451606759,0.0555924074775659,0.0002350629604886
RandomForest,A2 x helix,15,0.5039626141832023,0.0574170676167435,-0.0016692680169848
RandomForest,A2 x nonsec,15,0.5010988064509736,0.0581622248101301,-0.0045330757492135
RandomForest,A2 x othersec,15,0.5022336386810071,0.0589273249870996,-0.00339824351918
RandomForest,A3 x beta,15,0.5015521922536241,0.0602231801532677,-0.004079689946563
RandomForest,A3 x helix,15,0.5027596076309312,0.0606010145462337,-0.0028722745692559
RandomForest,A3 x nonsec,15,0.5025555448736563,0.0615065986899718,-0.0030763373265308
RandomForest,A3 x othersec,15,0.5000669323366692,0.0605271981728178,-0.0055649498635179
RandomForest,A4 x beta,15,0.5036737047853534,0.0598870254538368,-0.0019581774148337
RandomForest,A4 x helix,15,0.5027141279056914,0.0560152022814023,-0.0029177542944958
RandomForest,A4 x nonsec,15,0.5014082117429641,0.0561098109061139,-0.004223670457223
RandomForest,A4 x othersec,15,0.5038290102570289,0.0585866227278676,-0.0018028719431583
