,MS,droplet,fiber
intercept,-0.910488333951456,0.6988952913157437,0.21159304263571307
A2_nonsec_PC1,0.0,0.0,0.0
A2_nonsec_PC2,0.0,0.0,0.0
A2_nonsec_PC3,0.0,0.0,0.0
A2_nonsec_PC4,0.0,0.0,0.0
A2_nonsec_PC5,0.0,0.0,0.0
A2_nonsec_PC6,0.0,0.0,0.0
A2_nonsec_PC7,0.0,0.0,0.0
A2_nonsec_PC8,0.0,0.0,0.0
A2_nonsec_PC9,0.0,0.0,0.0
A2_nonsec_PC10,0.0,0.0,0.0
A2_nonsec_PC11,0.0,0.0,0.0
A2_nonsec_PC12,0.0,0.0,0.0
A2_nonsec_PC13,0.0,0.0,0.0
A2_nonsec_PC14,0.0,0.0,0.0
A2_nonsec_PC15,0.0,0.0,0.0
A2_helix_PC1,0.0,0.0,0.0
A2_helix_PC2,0.0,0.0,0.0
A2_helix_PC3,0.0,0.0,0.0
A2_helix_PC4,0.0,0.0,0.0
A2_helix_PC5,0.0,0.0,0.0
A2_helix_PC6,0.0,0.0,0.0
A2_helix_PC7,0.0,0.0,0.0
A2_helix_PC8,0.0,0.0,0.0
A2_helix_PC9,0.0,0.0,0.0
A2_helix_PC10,0.0,0.0,0.0
A2_helix_PC11,0.0,0.0,0.0
A2_helix_PC12,0.0,0.0,0.0
A2_helix_PC13,0.0,0.0,0.0
A2_helix_PC14,0.0,0.0,0.0
A2_helix_PC15,0.0,0.0,0.0
A2_beta_PC1,0.0,0.0,0.0
A2_beta_PC2,0.0,0.0,0.0
A2_beta_PC3,0.0,0.0,0.0
A2_beta_PC4,0.0,0.0,0.0
A2_beta_PC5,0.0,0.0,0.0
A2_beta_PC6,0.0,0.0,0.0
A2_beta_PC7,0.0,0.0,0.0
A2_beta_PC8,0.0,0.0,0.0
A2_beta_PC9,0.0,0.0,0.0
A2_beta_PC10,0.0,0.0,0.0
A2_beta_PC11,0.0,0.0,0.0
A2_beta_PC12,0.0,0.0,0.0
A2_beta_PC13,0.0,-0.002283112516266321,0.0
A2_beta_PC14,0.0,0.0,0.0
A2_beta_PC15,0.0,0.0,0.0
A2_othersec_PC1,0.0,0.0,0.0
A2_othersec_PC2,0.0,0.0,0.0
A2_othersec_PC3,0.0,0.0,0.0
A2_othersec_PC4,0.0,0.0,0.0
A2_othersec_PC5,0.0,0.0,0.0
A2_othersec_PC6,0.0,0.0,0.0
A2_othersec_PC7,0.0,0.0,0.0
A2_othersec_PC8,0.0,0.0,0.0
A2_othersec_PC9,0.0,0.0,0.0
A2_othersec_PC10,0.0,0.0,0.0
A2_othersec_PC11,0.0,0.0,0.0
A2_othersec_PC12,0.0,0.0,0.0
A2_othersec_PC13,0.0,0.0,0.0
A2_othersec_PC14,0.0,0.0,0.0
A2_othersec_PC15,0.0,0.0,0.0
A3_nonsec_PC1,0.0,0.0,-0.01500317960163604
A3_nonsec_PC2,0.0,0.0,0.0
A3_nonsec_PC3,0.0,0.0,0.0
A3_nonsec_PC4,0.0,0.0,0.0
A3_nonsec_PC5,0.0,0.0,0.0
A3_nonsec_PC6,0.0,0.0,0.0
A3_nonsec_PC7,0.0,-0.0014063895971989844,0.009369596339229591
A3_nonsec_PC8,0.0,0.0,0.0
A3_nonsec_PC9,0.0,0.0,0.0
A3_nonsec_PC10,0.0,-0.00748882006825428,0.0
A3_nonsec_PC11,0.0,0.019442508419701583,-0.014735612927663797
A3_nonsec_PC12,0.0,0.0,0.0
A3_nonsec_PC13,0.0,0.0,0.0
A3_nonsec_PC14,0.0,-0.004607620437578153,0.0
A3_nonsec_PC15,0.0,0.0,0.0
A3_helix_PC1,0.0,0.0,0.0
A3_helix_PC2,0.0,0.0,0.0
A3_helix_PC3,0.0,0.0,0.0
A3_helix_PC4,0.0,0.0,0.0
A3_helix_PC5,0.0,0.0,0.0
A3_helix_PC6,0.0,0.04723491404851994,-0.056745456217758304
A3_helix_PC7,0.0,0.0,0.0
A3_helix_PC8,0.0,0.0,0.0
A3_helix_PC9,0.0,-0.03525493172235724,0.02174717520477298
A3_helix_PC10,0.0,0.0,0.0
A3_helix_PC11,0.0,0.0,0.0
A3_helix_PC12,0.0,-0.007021870236365433,0.051781068155311354
A3_helix_PC13,0.0,0.0,0.0160935501690455
A3_helix_PC14,0.0,0.02348255565880725,-0.060959120478835914
A3_helix_PC15,0.0,0.0,-0.004271630015608484
A3_beta_PC1,0.0,0.0,0.0
A3_beta_PC2,0.0,0.0,0.0
A3_beta_PC3,0.0,0.0,0.0
A3_beta_PC4,0.0,0.0,0.0
A3_beta_PC5,0.0,0.009771258406429293,0.0
A3_beta_PC6,0.0,0.0,0.0
A3_beta_PC7,0.0,0.0005469412352606177,0.0
A3_beta_PC8,0.0,-0.03390957711447498,0.055024226177708274
A3_beta_PC9,0.0,0.008261861505033264,0.0
A3_beta_PC10,0.0,0.009610822874636184,-0.027272400909754028
A3_beta_PC11,0.0,0.0,0.0
A3_beta_PC12,0.0,0.0,0.009086726882243407
A3_beta_PC13,0.0,0.0,-0.027835593704017662
A3_beta_PC14,0.0,0.0,0.0
A3_beta_PC15,0.0,0.0,0.0
A3_othersec_PC1,0.0,0.0,0.0
A3_othersec_PC2,0.0,0.0,0.0
A3_othersec_PC3,0.0,-0.00319604609997032,0.0
A3_othersec_PC4,0.0,0.0,0.0
A3_othersec_PC5,0.0,0.0,0.0
A3_othersec_PC6,0.0,0.0,0.0
A3_othersec_PC7,0.0,0.0,0.0
A3_othersec_PC8,0.0,-0.03784100921793608,0.03488975303605905
A3_othersec_PC9,0.0,0.04236837637130171,-0.06348323742739213
A3_othersec_PC10,0.0,0.03397235334372225,-0.03187698577099802
A3_othersec_PC11,0.0,0.032646683019738436,-0.04535971857506839
A3_othersec_PC12,0.0,-0.03313639951972049,0.06262178163206056
A3_othersec_PC13,0.0,0.03890610760733855,-0.03737535635356904
A3_othersec_PC14,0.0,-0.03877345176513657,0.02518289860087653
A3_othersec_PC15,0.0,0.0,0.0
A4_nonsec_PC1,0.0,0.0,0.0
A4_nonsec_PC2,0.0,0.0,0.0
A4_nonsec_PC3,0.0,0.0,0.0
A4_nonsec_PC4,0.0,0.0,0.010960241490392618
A4_nonsec_PC5,0.0,0.0,-0.005472599529183971
A4_nonsec_PC6,0.0,0.0,0.023031855569596586
A4_nonsec_PC7,0.0,-0.03474092077237265,0.0268674142588309
A4_nonsec_PC8,0.0,0.0,0.0
A4_nonsec_PC9,0.0,0.0,0.0
A4_nonsec_PC10,0.0,-0.024701054269613824,0.04329700089036675
A4_nonsec_PC11,0.0,0.0,0.0
A4_nonsec_PC12,0.0,0.0,0.0
A4_nonsec_PC13,0.0,0.0,0.0
A4_nonsec_PC14,0.0,0.0,0.0
A4_nonsec_PC15,0.0,0.0,0.0
A4_helix_PC1,0.0,0.0,0.0
A4_helix_PC2,0.0,0.0,0.0044192108050004385
A4_helix_PC3,0.0,0.0,-0.030890242829903516
A4_helix_PC4,0.0,0.0,0.0
A4_helix_PC5,0.0,-0.024625639762097234,0.03729347549017723
A4_helix_PC6,0.0,0.020780049692654585,-0.01890890247648372
A4_helix_PC7,0.0,-0.015597861815135606,0.019314754448794855
A4_helix_PC8,0.0,0.0,0.0
A4_helix_PC9,0.0,-0.0256165048713928,0.04679127126076223
A4_helix_PC10,0.0,0.0,0.0
A4_helix_PC11,0.0,0.0,0.0
A4_helix_PC12,0.0,-0.013494029057458685,0.0
A4_helix_PC13,0.0,0.0,0.0
A4_helix_PC14,0.0,0.025460247843977685,0.0
A4_helix_PC15,0.0,0.0,0.0
A4_beta_PC1,0.0,0.0,0.0
A4_beta_PC2,0.0,0.0,0.0
A4_beta_PC3,0.0,0.0,0.0
A4_beta_PC4,0.0,0.0,-0.01780661881861564
A4_beta_PC5,0.0,0.026071182821872957,-0.04409385952306141
A4_beta_PC6,0.0,0.0,0.0
A4_beta_PC7,0.0,0.0,0.0
A4_beta_PC8,0.0,0.0,0.0
A4_beta_PC9,0.0,0.013079451687019622,-0.04358612557299207
A4_beta_PC10,0.0,0.0,0.0
A4_beta_PC11,0.0,0.0,0.0
A4_beta_PC12,0.0,0.0,0.0
A4_beta_PC13,0.0,0.005480648294276345,0.0
A4_beta_PC14,0.0,0.0,0.0
A4_beta_PC15,0.0,0.0,0.0
A4_othersec_PC1,0.0,0.0,0.0
A4_othersec_PC2,0.0,0.0,0.0
A4_othersec_PC3,0.0,0.0,0.025850507075494227
A4_othersec_PC4,0.0,0.0,0.0
A4_othersec_PC5,0.0,0.0,0.0
A4_othersec_PC6,0.0,0.0,0.0
A4_othersec_PC7,0.0,-0.004257923140736461,0.01193907268623729
A4_othersec_PC8,0.0,0.0,0.009771177257943233
A4_othersec_PC9,0.0,0.01897656871861949,-0.003925417099737679
A4_othersec_PC10,0.0,0.039763608744710736,-0.04686175484011523
A4_othersec_PC11,0.0,0.0,0.0
A4_othersec_PC12,0.0,-0.036345861854280806,0.009130171580761933
A4_othersec_PC13,0.0,0.03924952940011215,-0.04645939182827698
A4_othersec_PC14,0.0,-0.013631749482972437,0.03658173764564892
A4_othersec_PC15,0.0,0.0,0.0
