,SVM_RBF,ElasticNetLogistic,RandomForest,consensus
A3_helix_PC6,1.0,1.0,0.763682949878302,0.921227649959434
A3_othersec_PC12,0.7629897151893196,0.9557348974371384,1.0,0.9062415375421526
A3_othersec_PC9,0.8017271727978719,0.8837036604287068,0.7972625028928612,0.8275644453731466
A3_othersec_PC8,0.881653106983906,0.8613175008928606,0.5211220479420646,0.7546975519396103
A3_othersec_PC11,0.7305859827346654,0.9127659908341785,0.5660928053005336,0.7364815929564591
A3_othersec_PC14,0.9202217203932194,0.7343110870493358,0.5236552600876877,0.7260626891767475
A3_othersec_PC13,0.8485706715640555,0.7446289463631351,0.5677016764499824,0.7203004314590576
A3_beta_PC9,0.8114720409985281,0.444515290234021,0.8456677756235492,0.7005517022853661
A3_nonsec_PC10,0.8474202502080691,0.4439567277240561,0.7295216847903501,0.6736328875741583
A3_helix_PC14,0.7642876264627673,0.7672460098305772,0.4869666460127848,0.6728334274353763
A3_othersec_PC10,0.8485706715640555,0.6377945738907703,0.5288224214201677,0.6717292222916645
A3_beta_PC8,0.5072114018974364,0.8476076742705398,0.6294214830459844,0.6614135197379869
A3_beta_PC5,0.8474202502080691,0.4534411891777187,0.6594553596572045,0.6534389330143308
A3_helix_PC9,0.8114720409985281,0.6077453481202313,0.5010194397651271,0.6400789429612955
A4_beta_PC9,0.4442767507867756,0.6578181502177974,0.7361164722285285,0.6127371244110339
A3_nonsec_PC14,0.6474828804959492,0.40147921619630256,0.6740157617091541,0.5743259528004686
A3_othersec_PC5,0.4986764144250583,0.34804507910139865,0.8540546515425843,0.5669253816896803
A3_othersec_PC3,0.7686079472295523,0.33874900304275607,0.4928609571708852,0.5334059691477312
A4_beta_PC5,0.4053197472615656,0.6589390661775705,0.5194978979407998,0.527918903793312
A3_helix_PC12,0.6133918445673555,0.5606001648542055,0.3890671628210024,0.5210197240808544
A4_helix_PC9,0.47585460086386044,0.5485073410375058,0.5172869030849123,0.5138829483287595
A4_helix_PC3,0.3076420912748491,0.5759975422030366,0.6569153297603175,0.5135183210794011
A3_nonsec_PC11,0.6138187090865996,0.4624795253519466,0.45451553958378543,0.5102712580074439
A3_nonsec_PC7,0.6567519984442768,0.34540184849044303,0.49769363382620796,0.49994916025364255
A4_nonsec_PC10,0.4053197472615656,0.6817470725867367,0.4081791106552772,0.49841531016785984
A4_othersec_PC3,0.5130441835451522,0.48527423671762865,0.431211960937149,0.47651012706664325
A4_nonsec_PC3,0.3570669199980598,0.2946355285915779,0.7757052110794358,0.4758025532230245
A4_helix_PC5,0.33700241750561016,0.5834719141864384,0.4729775172756524,0.4644839496559003
A3_beta_PC10,0.3845689062014913,0.3846202523840925,0.6003487052872083,0.45651262129093073
A4_othersec_PC2,0.6404916443492008,0.2946355285915779,0.42233110953582315,0.45248609415886726
A4_beta_PC10,0.5682115192660077,0.2946355285915779,0.4853893113263859,0.4494121197279905
A4_beta_PC4,0.2331695156312528,0.5225721892244409,0.5913857911460682,0.44904249866725393
A4_nonsec_PC12,0.6013161228673858,0.2946355285915779,0.4455815881307543,0.447177746529906
A3_beta_PC7,0.5699312517032927,0.3812178584670158,0.3884188642225915,0.44652265813096664
A4_beta_PC1,0.5749758985126385,0.2946355285915779,0.4505708542204777,0.4400607604415647
A4_nonsec_PC9,0.6340465937115322,0.2946355285915779,0.3893340311946536,0.4393387178325879
A3_othersec_PC4,0.46265790168823856,0.2946355285915779,0.5384684761178048,0.4319206354658737
A3_beta_PC15,0.5785923512881425,0.2946355285915779,0.416221310177996,0.4298163966859055
A3_beta_PC4,0.5031070115448305,0.2946355285915779,0.47046288544899906,0.42273514186180244
A3_beta_PC13,0.6475505094453438,0.4497756422636104,0.16388150137684007,0.420402551028598
A4_othersec_PC6,0.48810506165517364,0.2946355285915779,0.4605037445223208,0.4144147782563574
A2_othersec_PC10,0.35414219493532306,0.2946355285915779,0.5872622599752196,0.41201332783404016
A4_othersec_PC10,0.2562478063962293,0.48158722564701306,0.4934235935038414,0.4104195418490279
A2_othersec_PC5,0.3930991984605385,0.2946355285915779,0.5232259015280061,0.4036535428600408
A4_othersec_PC14,0.4794710536393972,0.45199934716452983,0.27178436703516945,0.40108492261303214
A2_nonsec_PC10,0.4272578633385069,0.2946355285915779,0.4657913120681215,0.39589490133273547
A2_beta_PC9,0.4272578633385069,0.2946355285915779,0.46455003022225283,0.3954811407174459
A2_nonsec_PC9,0.4272578633385069,0.30668532588438924,0.4516086494181459,0.39518394621368064
A4_othersec_PC15,0.4912566883119594,0.2946355285915779,0.3991914979414073,0.3950279049483149
A4_othersec_PC13,0.2952048099214447,0.4828574451685988,0.4049677564738239,0.39434333718795583
A2_nonsec_PC4,0.4272578633385069,0.2946355285915779,0.4573998578639716,0.3930977499313521
A4_helix_PC13,0.6000418099807492,0.2946355285915779,0.2835599325118771,0.3927457570280681
A3_helix_PC7,0.6503069478066082,0.2946355285915779,0.23236351698743635,0.39243533112854084
A4_nonsec_PC11,0.5682115192660077,0.2946355285915779,0.3136943729681771,0.3921804736085876
A4_beta_PC7,0.6689309089833055,0.2946355285915779,0.2098088236086031,0.39112508706116217
A3_helix_PC5,0.5819896180506318,0.34896828911527006,0.23727936000438046,0.3894124223900941
A3_beta_PC11,0.543145607797897,0.2946355285915779,0.32889827783133,0.38889313807360165
A4_nonsec_PC14,0.6689309089833055,0.2946355285915779,0.19833516314142083,0.38730053357210137
A4_othersec_PC1,0.5657292639555557,0.2946355285915779,0.30048721532878475,0.3869506692919728
A3_beta_PC14,0.543145607797897,0.2946355285915779,0.3176090108180288,0.38513004906916787
A2_othersec_PC3,0.4272578633385069,0.2946355285915779,0.4316224491750453,0.38450528036837667
A2_othersec_PC13,0.35414219493532306,0.2946355285915779,0.5016405626834723,0.38347276207012443
A4_nonsec_PC13,0.5261410035837328,0.2946355285915779,0.3275481590046172,0.38277489705997597
A4_helix_PC1,0.5657292639555557,0.2946355285915779,0.2864102882406725,0.382258360262602
A2_nonsec_PC13,0.3930991984605385,0.2946355285915779,0.4575716200843343,0.3817687823788169
A4_helix_PC2,0.6340465937115322,0.31472022053139187,0.19604079113480763,0.3816025351259105
A4_nonsec_PC8,0.4981513503189848,0.2946355285915779,0.35038552322508215,0.3810574673785483
A3_helix_PC2,0.5408683634727022,0.34804507910139865,0.24584129826835435,0.3782515802808184
A3_helix_PC11,0.43157685975406673,0.2946355285915779,0.4044214260859417,0.3768779381438621
A2_helix_PC1,0.4272578633385069,0.2946355285915779,0.40122577636226026,0.3743730560974483
A3_helix_PC10,0.5785923512881425,0.2946355285915779,0.2430452764458265,0.3720910521085156
A2_helix_PC2,0.4272578633385069,0.2946355285915779,0.39389928229499915,0.3719308914083613
A4_beta_PC6,0.45778630971535467,0.2946355285915779,0.3612839523761137,0.37123526356101544
A4_othersec_PC5,0.5261410035837328,0.2946355285915779,0.2925503902070248,0.37110897412744515
A3_nonsec_PC8,0.5359127022468564,0.2946355285915779,0.28203641617118486,0.37086154900320634
A2_nonsec_PC12,0.34934385628809583,0.2946355285915779,0.46856274272638854,0.37084737586868743
A4_nonsec_PC15,0.3533477159134025,0.2946355285915779,0.46440760930480485,0.37079695126992845
A3_nonsec_PC2,0.3943405719322893,0.2946355285915779,0.4213199570037959,0.37009868584255434
A2_beta_PC5,0.4272578633385069,0.2946355285915779,0.38052694657314773,0.3674734461677442
A2_beta_PC10,0.4634887615564527,0.2946355285915779,0.34375436460103587,0.3672928849163555
A2_helix_PC4,0.3103868527628804,0.2946355285915779,0.48598167294744754,0.3636680181006353
A2_helix_PC3,0.4272578633385069,0.2946355285915779,0.36877247477308805,0.3635552889010576
A3_othersec_PC15,0.4213607248063906,0.2946355285915779,0.37199857613452886,0.3626649431774991
A3_beta_PC3,0.543145607797897,0.2946355285915779,0.25020165432720554,0.36266093023889345
A3_helix_PC3,0.47197926447011296,0.2946355285915779,0.3192324197009872,0.36194907092089273
A4_helix_PC7,0.2625298418620139,0.46121302023345506,0.36147493668093594,0.36173926625880165
A3_nonsec_PC6,0.5402965942260894,0.2946355285915779,0.24706052378934945,0.3606642155356723
A2_nonsec_PC3,0.3812803397434042,0.3143448057287835,0.3809231306909136,0.3588494253877004
A3_othersec_PC1,0.4673382484015044,0.2946355285915779,0.3137700395349131,0.3585812721759985
A3_othersec_PC7,0.4300160071254395,0.2946355285915779,0.35099510510564086,0.3585488802742194
A3_nonsec_PC13,0.4986764144250583,0.34804507910139865,0.22578489452074624,0.35750212934906767
A2_helix_PC9,0.4272578633385069,0.2946355285915779,0.34673005390572986,0.35620781527860484
A4_nonsec_PC1,0.49370157950997995,0.2946355285915779,0.2762050503916968,0.3548473861644182
A4_nonsec_PC6,0.2625298418620139,0.47794283538776466,0.31976827910775846,0.353413652119179
A4_othersec_PC11,0.5682115192660077,0.2946355285915779,0.19560562849108823,0.3528175587828913
A2_othersec_PC6,0.4272578633385069,0.2946355285915779,0.33129806183186683,0.3510638179206505
A2_nonsec_PC8,0.24723167011715586,0.26395683476715176,0.5378153092314636,0.34966793803859036
A4_nonsec_PC2,0.38184443339825863,0.37510850185295097,0.28997799143158,0.34897697556092994
A2_othersec_PC15,0.4272578633385069,0.2946355285915779,0.32497527554855027,0.34895622249287833
A2_beta_PC1,0.4981513503189848,0.30449016716017596,0.2426566699940909,0.34843272915775053
A3_nonsec_PC4,0.3993429382986101,0.2946355285915779,0.35071290417598616,0.34823045702205807
A4_nonsec_PC4,0.4510317890053061,0.3148085534261283,0.2780559705075793,0.3479654376463379
A3_nonsec_PC9,0.5004659587566109,0.2946355285915779,0.24324868925072693,0.34611672553297185
A2_helix_PC12,0.3907369016162737,0.2946355285915779,0.35250018881398254,0.3459575396739447
A2_helix_PC5,0.4272578633385069,0.2946355285915779,0.30881145869630944,0.3435682835421314
A3_helix_PC15,0.3099778916848212,0.34907916851809917,0.3714063850243725,0.3434878150757643
A4_helix_PC4,0.3570669199980598,0.2946355285915779,0.3773532659049834,0.343018571498207
A2_beta_PC6,0.3103868527628804,0.2946355285915779,0.4237327521952532,0.34291837784990387
A2_othersec_PC1,0.4272578633385069,0.2946355285915779,0.3004652019672725,0.34078619796578574
A4_nonsec_PC5,0.30750197585329714,0.3047662074562165,0.40995943388319805,0.3407425390642372
A3_nonsec_PC15,0.3872020599284264,0.2946355285915779,0.32962982603292984,0.337155804850978
A3_nonsec_PC3,0.3472141795066193,0.3356423762616647,0.32386076252394913,0.3355724394307444
A2_beta_PC4,0.4272578633385069,0.2946355285915779,0.28389090493276903,0.3352614322876179
A2_helix_PC10,0.3181251570976467,0.26395683476715176,0.4199149497747195,0.333998980546506
A4_beta_PC12,0.31740737283282044,0.2946355285915779,0.3772310162941455,0.32975797257284795
A3_nonsec_PC1,0.3093228670849878,0.41512711781274764,0.26127206185809637,0.32857401558527727
A3_helix_PC4,0.3472141795066193,0.3252335337140915,0.31326544807010387,0.3285710537636049
A2_helix_PC8,0.4639926854409965,0.2946355285915779,0.2255608619789511,0.3280630253371752
A2_othersec_PC7,0.31554899987313234,0.2946355285915779,0.3721839604313444,0.32745616296535157
A2_othersec_PC2,0.4272578633385069,0.2946355285915779,0.24678577297818108,0.32289305496942194
A4_helix_PC6,0.4796340688112812,0.12278776020299721,0.3659921856030408,0.3228046715391064
A2_nonsec_PC7,0.2082746665919404,0.2946355285915779,0.4590251920433811,0.32064512907563314
A4_beta_PC3,0.38472177115020595,0.2946355285915779,0.2817707373461196,0.32037601236263447
A2_nonsec_PC6,0.4272578633385069,0.2946355285915779,0.23411285959099953,0.3186687505070281
A2_nonsec_PC11,0.3925952745759618,0.2946355285915779,0.2659298883001508,0.31772023048923015
A4_beta_PC8,0.4939019587942954,0.28463579191864957,0.16874148797277255,0.3157597462285725
A3_beta_PC2,0.3099778916848212,0.2946355285915779,0.33119960856279584,0.3119376762797316
A4_othersec_PC8,0.5539436292829935,0.16961692118629765,0.2119817542529663,0.3118474349074191
A4_helix_PC15,0.24909004307684388,0.2946355285915779,0.3903205777937487,0.3113487164873901
A4_beta_PC14,0.1751186061812531,0.2946355285915779,0.4619429210640733,0.3105656852789681
A2_othersec_PC9,0.3536382710507464,0.2946355285915779,0.2833678472704778,0.3105472156376007
A2_othersec_PC14,0.3151851914101076,0.2946355285915779,0.3201860482958509,0.3100022560991788
A2_beta_PC12,0.2695714762780098,0.2946355285915779,0.3569078770908382,0.30703829398680865
A2_nonsec_PC5,0.4272578633385069,0.2946355285915779,0.1933735842645103,0.305088992064865
A4_beta_PC2,0.3570669199980598,0.2946355285915779,0.2568053002771831,0.30283591628894024
A2_othersec_PC4,0.31554899987313234,0.2946355285915779,0.2949903114021489,0.3017249466222864
A3_beta_PC6,0.3472141795066193,0.3252335337140915,0.2322192029960911,0.301555638738934
A3_beta_PC12,0.34767819643027587,0.41944183997852635,0.1346769455352471,0.30059899398134976
A4_beta_PC13,0.27057440771656793,0.2269751944344763,0.39845487737582175,0.29866815984228867
A3_othersec_PC6,0.3589405335825502,0.2946355285915779,0.23819725917886636,0.29725777378433144
A2_othersec_PC8,0.3925952745759618,0.2946355285915779,0.20214416881003205,0.29645832399252386
A2_beta_PC11,0.3181251570976467,0.26395683476715176,0.3052863738351514,0.2957894552333166
A2_nonsec_PC2,0.31554899987313234,0.2946355285915779,0.2762520751530407,0.29547886787258365
A4_othersec_PC4,0.38184443339825863,0.3231288400766171,0.17840765087456467,0.2944603081164801
A4_beta_PC15,0.1751186061812531,0.2946355285915779,0.40803175969003996,0.2925952981542903
A3_helix_PC1,0.35880041816099834,0.2946355285915779,0.22340523886345126,0.2922803952053425
A4_othersec_PC7,0.38184443339825863,0.3950258939343964,0.0983132299334711,0.2917278524220421
A2_beta_PC2,0.19867798929748604,0.2946355285915779,0.3811827879298426,0.2914987686063022
A4_othersec_PC9,0.2724581385918693,0.13438856310415212,0.46580421585061055,0.29088363918221066
A2_beta_PC13,0.27916815357246416,0.28364063126164907,0.3074213678155108,0.2900767175498747
A3_helix_PC13,0.2790673170446931,0.3733134948806709,0.21781213724516538,0.29006431639017644
A3_nonsec_PC12,0.3472141795066193,0.2946355285915779,0.22434824744796292,0.28873265184872005
A3_nonsec_PC5,0.32170424576075207,0.2946355285915779,0.2376476367220419,0.284662470358124
A2_nonsec_PC15,0.35228382197563496,0.2946355285915779,0.2060891817691101,0.284336177445441
A4_beta_PC11,0.2877768130818726,0.2946355285915779,0.2651929280553509,0.28253508990960047
A2_helix_PC7,0.31554899987313234,0.2946355285915779,0.23019098778213942,0.2801251720822832
A2_nonsec_PC1,0.3812803397434042,0.3143448057287835,0.13788220697247525,0.27783578414822097
A2_helix_PC13,0.3860786783906313,0.2946355285915779,0.1400857933306226,0.27360000010427726
A2_helix_PC11,0.3181251570976467,0.26395683476715176,0.23585754872355152,0.27264651352945
A3_helix_PC8,0.4213607248063906,0.2946355285915779,0.09731078151358634,0.27110234497051827
A2_helix_PC14,0.31282289456587575,0.2946355285915779,0.20440945863661947,0.270622627264691
A4_helix_PC10,0.2877768130818726,0.2946355285915779,0.22442372739251162,0.2689453563553207
A2_beta_PC14,0.35228382197563496,0.26395683476715176,0.18388986132545695,0.26671017268941455
A2_helix_PC6,0.3536382710507464,0.2946355285915779,0.1490757475486693,0.26578318239699783
A2_othersec_PC11,0.3536382710507464,0.2946355285915779,0.14828911626688057,0.26552097196973495
A2_beta_PC15,0.35228382197563496,0.26395683476715176,0.1798929002702806,0.2653778523376891
A2_nonsec_PC14,0.3589405335825502,0.2946355285915779,0.14097610733031707,0.26485072316814834
A2_beta_PC8,0.3536382710507464,0.2946355285915779,0.13898890334722555,0.2624209009965166
A2_beta_PC7,0.3589405335825502,0.2946355285915779,0.13239943799764195,0.26199183339059
A3_othersec_PC2,0.3589405335825502,0.2946355285915779,0.1301008515520413,0.2612256379087231
A4_nonsec_PC7,0.0,0.2557224880525765,0.5191386717275328,0.2582870532600365
A3_beta_PC1,0.2716225623395331,0.3148990097077491,0.18666427659596826,0.25772861621441684
A2_beta_PC3,0.24723167011715586,0.26395683476715176,0.23126735066844445,0.2474852851842507
A2_helix_PC15,0.2695714762780098,0.2946355285915779,0.17696324354138115,0.24705674947032297
A4_helix_PC8,0.24700748544266618,0.2946355285915779,0.1604637699172984,0.23403559465051416
A4_helix_PC11,0.13206719786484158,0.3241994442973815,0.21249539353694713,0.22292067856639008
A2_othersec_PC12,0.31282289456587575,0.2946355285915779,0.0,0.20248614105248453
A4_helix_PC12,0.23350113506665382,0.14104918685329199,0.19080723929773796,0.18845252040589458
A4_othersec_PC12,0.19642786241677257,0.0,0.27426761545577677,0.15689849262418312
A4_helix_PC14,0.23350113506665382,0.035270718804013355,0.20106530062167072,0.1566123848307793
