sequence,SVM_RBF_pred,ElasticNetLogistic_pred,RandomForest_pred,consensus_pred,consensus_agreement
GAAC,fiber,fiber,fiber,fiber,3/3
GAAD,fiber,fiber,fiber,fiber,3/3
GAAE,fiber,fiber,fiber,fiber,3/3
GAAF,fiber,fiber,fiber,fiber,3/3
GAAH,fiber,fiber,fiber,fiber,3/3
GAAI,fiber,fiber,fiber,fiber,3/3
GAAK,fiber,fiber,fiber,fiber,3/3
GAAM,fiber,droplet,fiber,fiber,2/3
GAAN,fiber,fiber,fiber,fiber,3/3
GAAP,droplet,fiber,fiber,fiber,2/3
GAAQ,fiber,fiber,fiber,fiber,3/3
GAAR,fiber,fiber,fiber,fiber,3/3
GAAT,fiber,fiber,fiber,fiber,3/3
GAAV,fiber,fiber,fiber,fiber,3/3
GAAW,fiber,droplet,fiber,fiber,2/3
GAAY,fiber,fiber,fiber,fiber,3/3
GGSV,fiber,fiber,fiber,fiber,3/3
GGVS,fiber,fiber,fiber,fiber,3/3
GGVA,fiber,fiber,fiber,fiber,3/3
GGGW,droplet,droplet,droplet,droplet,3/3
GGVW,droplet,fiber,droplet,droplet,2/3
GGLW,droplet,droplet,droplet,droplet,3/3
GGWL,droplet,droplet,droplet,droplet,3/3
GGWA,fiber,fiber,fiber,fiber,3/3
GGLV,droplet,droplet,droplet,droplet,3/3
GGWV,droplet,droplet,droplet,droplet,3/3
GGVL,droplet,fiber,droplet,droplet,2/3
