,SVM_RBF,ElasticNetLogistic,RandomForest
A2_beta_PC1,0.0002079293255763,0.0001041666666666,0.0001861516106872
A2_beta_PC10,0.0001024309296368,0.0,0.0007252554806734
A2_beta_PC11,-0.0003399949723479,-0.0003242835595776,0.0005201247625783
A2_beta_PC12,-0.0004877720318896,0.0,0.0007953966398238
A2_beta_PC13,-0.0004585637673872,-0.0001162195647489,0.0005315096267108
A2_beta_PC14,-0.0002360303095597,-0.0003242835595776,-0.0001272226368975
A2_beta_PC15,-0.0002360303095597,-0.0003242835595776,-0.000148536448072
A2_beta_PC2,-0.0007035421006009,0.0,0.0009248427011584
A2_beta_PC3,-0.0005557650410591,-0.0003242835595776,0.0001254180188003
A2_beta_PC4,-7.84074313486035e-06,0.0,0.0004060333371478
A2_beta_PC5,-7.84074313486035e-06,0.0,0.0009213454244414
A2_beta_PC6,-0.000363547128253,0.0,0.0011517405596352
A2_beta_PC7,-0.0002157700687112,0.0,-0.0004017955298915
A2_beta_PC8,-0.0002319079341138,0.0,-0.0003666571789636
A2_beta_PC9,-7.84074313486035e-06,0.0,0.0013693988616589
A2_helix_PC1,-7.84074313486035e-06,0.0,0.0010317220189511
A2_helix_PC10,-0.0003399949723479,-0.0003242835595776,0.0011313821126127
A2_helix_PC11,-0.0003399949723479,-0.0003242835595776,0.0001498952687033
A2_helix_PC12,-0.0001189952476717,0.0,0.0007718926240598
A2_helix_PC13,-0.0001331729272905,0.0,-0.0003608080086408
A2_helix_PC14,-0.0003561328377504,0.0,-1.7801800309538707e-05
A2_helix_PC15,-0.0004877720318896,0.0,-0.0001641588545613
A2_helix_PC2,-7.84074313486035e-06,0.0,0.0009926534593717
A2_helix_PC3,-7.84074313486035e-06,0.0,0.0008586646554912
A2_helix_PC4,-0.000363547128253,0.0,0.0014836831841475
A2_helix_PC5,-7.84074313486035e-06,0.0,0.0005389222920182
A2_helix_PC6,-0.0002319079341138,0.0,-0.0003128690410037
A2_helix_PC7,-0.0003478357154827,0.0,0.0001196783093067
A2_helix_PC8,0.0001039646627881,0.0,9.498814452375044e-05
A2_helix_PC9,-7.84074313486035e-06,0.0,0.0007411233560614
A2_nonsec_PC1,-0.0001477770595417,0.0002083333333333,-0.0003725586419084
A2_nonsec_PC10,-7.84074313486035e-06,0.0,0.0013760180021789
A2_nonsec_PC11,-0.0001133391390744,0.0,0.0003102561424929
A2_nonsec_PC12,-0.0002449783332136,0.0,0.0013907966674994
A2_nonsec_PC13,-0.000111805405923,0.0,0.0013321864610564
A2_nonsec_PC14,-0.0002157700687112,0.0,-0.000356060405596
A2_nonsec_PC15,-0.0002360303095597,0.0,-8.844669835380171e-06
A2_nonsec_PC2,-0.0003478357154827,0.0,0.0003652992461042
A2_nonsec_PC3,-0.0001477770595417,0.0002083333333333,0.0009234580778698
A2_nonsec_PC4,-7.84074313486035e-06,0.0,0.0013312705383138
A2_nonsec_PC5,-7.84074313486035e-06,0.0,-7.66506455360932e-05
A2_nonsec_PC6,-7.84074313486035e-06,0.0,0.0001405917067681
A2_nonsec_PC7,-0.0006743338360985,0.0,0.0013399376394732
A2_nonsec_PC8,-0.0005557650410591,-0.0003242835595776,0.0017600862616342
A2_nonsec_PC9,-7.84074313486035e-06,0.0001273701931596,0.0013003888955901
A2_othersec_PC1,-7.84074313486035e-06,0.0,0.000494415843874
A2_othersec_PC10,-0.0002303742009624,0.0,0.0020237623287158
A2_othersec_PC11,-0.0002319079341138,0.0,-0.0003170637555312
A2_othersec_PC12,-0.0003561328377504,0.0,-0.0011078160745343
A2_othersec_PC13,-0.0002303742009624,0.0,0.0015671842777105
A2_othersec_PC14,-0.0003489429960018,0.0,0.0005995773375804
A2_othersec_PC15,-7.84074313486035e-06,0.0,0.0006251159114936
A2_othersec_PC2,-7.84074313486035e-06,0.0,0.0002081700692381
A2_othersec_PC3,-7.84074313486035e-06,0.0,0.0011938124010492
A2_othersec_PC4,-0.0003478357154827,0.0,0.0004652209675429
A2_othersec_PC5,-0.000111805405923,0.0,0.0016822881853841
A2_othersec_PC6,-7.84074313486035e-06,0.0,0.0006588321952099
A2_othersec_PC7,-0.0003478357154827,0.0,0.000876856416717
A2_othersec_PC8,-0.0001133391390744,0.0,-2.9881467574965665e-05
A2_othersec_PC9,-0.0002319079341138,0.0,0.0004032441300243
A3_beta_PC1,-0.0004815293853606,0.000214191445809,-0.00011242805612
A3_beta_PC10,-0.0001377680412123,0.0009511671750448,0.0020935458518662
A3_beta_PC11,0.0003448729919318,0.0,0.0006460353372118
A3_beta_PC12,-0.0002500479038791,0.0013192424405659,-0.0003896507116321
A3_beta_PC13,0.0006626377649984,0.0016398803867844,-0.0002339172981587
A3_beta_PC14,0.0003448729919318,0.0,0.0005858352746897
A3_beta_PC15,0.0004527580262874,0.0,0.001111685764356
A3_beta_PC2,-0.0003647918344125,0.0,0.0006583071927499
A3_beta_PC3,0.0003448729919318,0.0,0.0002263852705029
A3_beta_PC4,0.0002230122818358,0.0,0.0014009291863394
A3_beta_PC5,0.0012709575068321,0.0016786263845087,0.0024087323280434
A3_beta_PC6,-0.0002514601769632,0.000323430654313,0.0001304937752306
A3_beta_PC7,0.000426397268309,0.0009152027882678,0.0009634291075854
A3_beta_PC8,0.0002355043262551,0.005845091605734,0.002248576558174
A3_beta_PC9,0.0011615462209502,0.0015842767913201,0.0034017107978021
A3_helix_PC1,-0.0002161965213435,0.0,8.349327544374021e-05
A3_helix_PC10,0.0004527580262874,0.0,0.0001882238561805
A3_helix_PC11,5.304472216236954e-06,0.0,0.001048762834173
A3_helix_PC12,0.0005586731022102,0.0028113308689934,0.000966886162513
A3_helix_PC13,-0.0004588706715254,0.0008316511489886,5.366803818816338e-05
A3_helix_PC14,0.0010179366342292,0.0049956432313243,0.001488935557047
A3_helix_PC15,-0.0003647918344125,0.0005754866048983,0.000872709992679
A3_helix_PC2,0.0003379420144126,0.0005645559505853,0.000203133653985
A3_helix_PC3,0.0001282724628312,0.0,0.0005944921091979
A3_helix_PC4,-0.0002514601769632,0.000323430654313,0.000562673208571
A3_helix_PC5,0.000463097882796,0.0005743145743145,0.0001574770831736
A3_helix_PC6,0.001735346331515,0.0074559269992706,0.0029645263791935
A3_helix_PC7,0.0006710272083724,0.0,0.0001312633301797
A3_helix_PC8,-2.578916181857332e-05,0.0,-0.0005889059341071
A3_helix_PC9,0.0011615462209502,0.0033096704636952,0.001563872137208
A3_nonsec_PC1,-0.0003667854548272,0.0012736344537815,0.0002854182639399
A3_nonsec_PC10,0.0012709575068321,0.0015783726077843,0.0027823612933907
A3_nonsec_PC11,0.0005599722989428,0.0017741644750158,0.0013158898992877
A3_nonsec_PC12,-0.0002514601769632,0.0,8.852187257760143e-05
A3_nonsec_PC13,0.0002095274007038,0.0005645559505853,9.618279896917756e-05
A3_nonsec_PC14,0.0006624319308142,0.0011293717892015,0.0024863757315382
A3_nonsec_PC15,-0.0001297538246067,0.0,0.0006499363209889
A3_nonsec_PC2,-0.000108027185233,0.0,0.0011388743194083
A3_nonsec_PC3,-0.0002514601769632,0.0004334554334554,0.0006191727662315
A3_nonsec_PC4,-9.28020780961955e-05,0.0,0.0007623619214176
A3_nonsec_PC5,-0.0003291017261605,0.0,0.0001594409202768
A3_nonsec_PC6,0.0003362017884076,0.0,0.0002096351790624
A3_nonsec_PC7,0.0006906432419203,0.0005366161616161,0.001546137263436
A3_nonsec_PC8,0.0003228590581531,0.0,0.0003961442682417
A3_nonsec_PC9,0.0002149740237975,0.0,0.0001893085557946
A3_othersec_PC1,0.0001141471545883,0.0,0.0005653639446209
A3_othersec_PC10,0.0012744589073923,0.0036273003455666,0.0017121316505991
A3_othersec_PC11,0.0009153629523211,0.0065338357534564,0.0019108761250789
A3_othersec_PC12,0.0010139863361612,0.0069880307744084,0.0042246880155161
A3_othersec_PC13,0.0012744589073923,0.0047565736708538,0.0019194554370637
A3_othersec_PC14,0.0014925346769387,0.0046475106134548,0.0016845777416597
A3_othersec_PC15,-2.578916181857332e-05,0.0,0.000875867854196
A3_othersec_PC2,-0.0002157700687112,0.0,-0.000414052751514
A3_othersec_PC3,0.0010310858803505,0.0004662934674544,0.0015203669954056
A3_othersec_PC4,9.990214034331716e-05,0.0,0.0017635692767271
A3_othersec_PC5,0.0002095274007038,0.0005645559505853,0.0034464338479431
A3_othersec_PC6,-0.0002157700687112,0.0,0.0001623717842758
A3_othersec_PC7,5.538908402691637e-07,0.0,0.0007638667590292
A3_othersec_PC8,0.0013751479786696,0.0059900088373385,0.0016710693775322
A3_othersec_PC9,0.001131886925424,0.0062266376697491,0.0031435894829857
A4_beta_PC1,0.0004417510593981,0.0,0.0012948548484539
A4_beta_PC10,0.000421163123369,0.0,0.0014805244133804
A4_beta_PC11,-0.0004323626150251,0.0,0.0003063262989733
A4_beta_PC12,-0.0003421796068854,0.0,0.0009037698627481
A4_beta_PC13,-0.0004847195288371,-0.0007151912701448,0.0010169461887728
A4_beta_PC14,-0.0007752469909977,0.0,0.0013554964414097
A4_beta_PC15,-0.0007752469909977,0.0,0.0010680149528833
A4_beta_PC2,-0.0002214725633843,0.0,0.0002615992395404
A4_beta_PC3,-0.0001373027843616,0.0,0.0003947275348204
A4_beta_PC4,-0.0005985643470163,0.0024093630612593,0.0020457510755498
A4_beta_PC5,-7.461117600436407e-05,0.0038508043598987,0.0016624085910076
A4_beta_PC6,8.507505566329064e-05,0.0,0.0008187320791809
A4_beta_PC7,0.0007277107424166,0.0,1.0990335487238989e-05
A4_beta_PC8,0.0001949959583473,-0.000105700399818,-0.0002080013997583
A4_beta_PC9,4.395761903501919e-05,0.0038389559213862,0.0028175280243778
A4_helix_PC1,0.000413608178314,0.0,0.0004194679589416
A4_helix_PC10,-0.0004323626150251,0.0,8.892436969062432e-05
A4_helix_PC11,-0.0009062774385916,0.0003124999999999,2.53164806183398e-05
A4_helix_PC12,-0.0005975550364095,-0.0016234565228373,-9.0335690567887e-05
A4_helix_PC13,0.0005180411908353,0.0,0.0004042684253597
A4_helix_PC14,-0.0005975550364095,-0.0027415686022497,-3.563453660202776e-05
A4_helix_PC15,-0.0005501089324618,0.0,0.0009735700029817
A4_helix_PC2,0.0006215375038904,0.0002123015873015,-6.24277539912222e-05
A4_helix_PC3,-0.0003719010321177,0.0029740860489699,0.0023951876082294
A4_helix_PC4,-0.0002214725633843,0.0,0.0009044217592979
A4_helix_PC5,-0.0002825405015807,0.0030530925401281,0.00141433847084
A4_helix_PC6,0.0001515704797438,-0.0018164856156342,0.0008438387521204
A4_helix_PC7,-0.0005092038164793,0.0017607771127507,0.0008197505037675
A4_helix_PC8,-0.0005564473652708,0.0,-0.0002521423651454
A4_helix_PC9,0.0001400673629775,0.0026835058717798,0.0016506184518955
A4_nonsec_PC1,0.0001943860877684,0.0,0.000365048486372
A4_nonsec_PC10,-7.461117600436407e-05,0.0040918922480455,0.0010688007025081
A4_nonsec_PC11,0.000421163123369,0.0,0.0005649604523443
A4_nonsec_PC12,0.000521919665302,0.0,0.0012682495666241
A4_nonsec_PC13,0.0002931181019416,0.0,0.0006388358230463
A4_nonsec_PC14,0.0007277107424166,0.0,-5.019300588186009e-05
A4_nonsec_PC15,-0.000232792262204,0.0,0.0013686394015341
A4_nonsec_PC2,-0.0001460601948218,0.0008506249440846,0.0004384927507992
A4_nonsec_PC3,-0.0002214725633843,0.0,0.0030286351362202
A4_nonsec_PC4,6.451712488864175e-05,0.0002132352941176,0.0003749185254603
A4_nonsec_PC5,-0.00037232748475,0.0001070845004668,0.0010782942834026
A4_nonsec_PC6,-0.0005092038164793,0.0019376165844819,0.0005973495816762
A4_nonsec_PC7,-0.0013082346503399,-0.0004113232255647,0.0016604930157561
A4_nonsec_PC8,0.0002079293255763,0.0,0.0007606161611579
A4_nonsec_PC9,0.0006215375038904,0.0,0.000968309239207
A4_othersec_PC1,0.000413608178314,0.0,0.0004945332302143
A4_othersec_PC10,-0.0005283237001503,0.0019761389496296,0.0015233672559523
A4_othersec_PC11,0.000421163123369,0.0,-6.474826056869311e-05
A4_othersec_PC12,-0.0007103905439818,-0.0031143913276266,0.000354717106652
A4_othersec_PC13,-0.0004097549051109,0.0019895655743178,0.0010516761432009
A4_othersec_PC14,0.0001510743298669,0.0016633856554522,0.0003414751742925
A4_othersec_PC15,0.0001869448634154,0.0,0.0010208742209516
A4_othersec_PC2,0.0006411535374383,0.0,0.001144266294421
A4_othersec_PC3,0.0002532568695494,0.0020151118303208,0.0011916234708417
A4_othersec_PC4,-0.0001460601948218,0.0003011833725843,-0.0001564565465494
A4_othersec_PC5,0.0002931181019416,0.0,0.0004522100777905
A4_othersec_PC6,0.0001773526324609,0.0,0.0013478220266145
A4_othersec_PC7,-0.0001460601948218,0.0010611581186271,-0.000583560373808
A4_othersec_PC8,0.0003777376447655,-0.0013214864770592,2.2577497035701677e-05
A4_othersec_PC9,-0.0004789862413701,-0.0016938614361214,0.0013760868116518
